heure,ip_source,port,pays,payload_num,payload_content
12:02:25,192.168.1.100,66,CN,575,' OR '1'='1
12:02:25,192.168.1.243,940,CN,1197,SYN_PACKET
12:02:26,192.168.1.42,800,RU,1075,admin:admin123
12:02:26,192.168.1.100,971,BR,892,POST /login HTTP/1.1
12:02:26,192.168.1.234,1019,BR,1352,admin:admin123
12:02:26,192.168.1.114,151,RU,691,POST /login HTTP/1.1
12:02:26,192.168.1.100,126,FR,1124,POST /login HTTP/1.1
12:02:27,192.168.1.185,38,US,368,GET / HTTP/1.1
12:02:27,192.168.1.6,769,BR,481,admin:admin123
12:02:27,192.168.1.100,573,RU,877,SYN_PACKET
12:02:27,192.168.1.215,989,FR,983,' OR '1'='1
12:02:27,192.168.1.210,931,RU,512,' OR '1'='1
12:02:28,192.168.1.100,279,FR,454,GET / HTTP/1.1
12:02:28,192.168.1.231,43,RU,1259,GET / HTTP/1.1
12:02:28,192.168.1.71,972,US,296,POST /login HTTP/1.1
12:02:28,192.168.1.100,287,CN,146,GET / HTTP/1.1
12:02:28,192.168.1.10,93,FR,894,GET / HTTP/1.1
12:02:29,192.168.1.164,58,FR,172,POST /login HTTP/1.1
12:02:29,192.168.1.100,508,CN,148,SYN_PACKET
12:02:29,192.168.1.72,865,RU,1490,GET / HTTP/1.1
12:02:29,192.168.1.244,135,CN,1014,admin:admin123
12:02:29,192.168.1.100,866,CN,1193,' OR '1'='1
12:02:30,192.168.1.167,668,RU,1191,GET / HTTP/1.1
12:02:30,192.168.1.187,651,US,1454,SYN_PACKET
12:02:30,192.168.1.100,686,FR,1462,GET / HTTP/1.1
12:02:30,192.168.1.63,582,BR,1068,SYN_PACKET
12:02:30,192.168.1.192,743,CN,355,admin:admin123
12:02:31,192.168.1.100,481,FR,1445,' OR '1'='1
12:02:31,192.168.1.179,789,FR,1227,' OR '1'='1
12:02:31,192.168.1.112,938,FR,678,' OR '1'='1
12:02:31,192.168.1.100,58,RU,223,GET / HTTP/1.1
12:02:31,192.168.1.108,971,FR,416,admin:admin123
12:02:32,192.168.1.207,907,RU,619,POST /login HTTP/1.1
12:02:32,192.168.1.100,188,RU,1466,GET / HTTP/1.1
12:02:32,192.168.1.84,568,RU,248,admin:admin123
12:02:32,192.168.1.29,583,BR,1009,' OR '1'='1
12:02:33,192.168.1.100,588,RU,1004,SYN_PACKET
12:02:33,192.168.1.169,1011,RU,1323,SYN_PACKET
12:02:33,192.168.1.65,260,RU,388,admin:admin123
12:02:33,192.168.1.100,413,BR,1482,' OR '1'='1
12:02:33,192.168.1.115,66,RU,1256,SYN_PACKET
12:02:34,192.168.1.211,183,CN,1321,' OR '1'='1
12:02:34,192.168.1.100,171,BR,167,GET / HTTP/1.1
12:02:34,192.168.1.12,335,RU,1123,admin:admin123
12:02:34,192.168.1.120,381,CN,47,POST /login HTTP/1.1
12:02:34,192.168.1.100,633,CN,120,POST /login HTTP/1.1
12:02:35,192.168.1.174,97,RU,1326,GET / HTTP/1.1
12:02:35,192.168.1.175,503,BR,636,SYN_PACKET
12:02:35,192.168.1.100,318,CN,1240,admin:admin123
12:02:35,192.168.1.18,360,US,765,POST /login HTTP/1.1
